"Path","Hash"
"C:\DFIR_Lab\Evidence\DFIR-Suspects-PC_MASTER\DFIR-Suspects-PC-0.scoreboard","C04BCABB49D0B49B33C288EB862E98A5111134EA1E3615DA370553B76C835D1B"
"C:\DFIR_Lab\Evidence\DFIR-Suspects-PC_MASTER\DFIR-Suspects-PC-000001-s001.vmdk","B4464212C45CD5DF0299AE5A4E4E5D1AEE3438A9D55BA4202751F55230605E8E"
"C:\DFIR_Lab\Evidence\DFIR-Suspects-PC_MASTER\DFIR-Suspects-PC-000001-s002.vmdk","B60EE93F6C84D413687CAFD11863528750628FEF605C500F3184D9B3C05750F5"
"C:\DFIR_Lab\Evidence\DFIR-Suspects-PC_MASTER\DFIR-Suspects-PC-000001-s003.vmdk","9ECCCF58355FF7B3A44732E9BFED0284901FBA0340E6A707657B5420B2A0ED85"
"C:\DFIR_Lab\Evidence\DFIR-Suspects-PC_MASTER\DFIR-Suspects-PC-000001-s004.vmdk","E1C719098197A8B43239A0D4272641856161996995C2C5071507F14E503BE0E0"
"C:\DFIR_Lab\Evidence\DFIR-Suspects-PC_MASTER\DFIR-Suspects-PC-000001-s005.vmdk","9C0A107D5BCDBC3F70FE03C545E168EF3B3718DCAC000A94737D686ECFDCB406"
"C:\DFIR_Lab\Evidence\DFIR-Suspects-PC_MASTER\DFIR-Suspects-PC-000001-s006.vmdk","3F06019A166A82FD60EBD76C61E95F274F634D74853BBC7D04CAB553D1840BD8"
"C:\DFIR_Lab\Evidence\DFIR-Suspects-PC_MASTER\DFIR-Suspects-PC-000001-s007.vmdk","91D85DD97460C72F9C04055A6F6FE672E10E6BF0295FC95B4E48E340B26CC8E6"
"C:\DFIR_Lab\Evidence\DFIR-Suspects-PC_MASTER\DFIR-Suspects-PC-000001-s008.vmdk","6C5F2DAE081EA33E969A3E10384E2BF8B4DCCA3492FC84469DE39722F2464C4D"
"C:\DFIR_Lab\Evidence\DFIR-Suspects-PC_MASTER\DFIR-Suspects-PC-000001-s009.vmdk","6C5F2DAE081EA33E969A3E10384E2BF8B4DCCA3492FC84469DE39722F2464C4D"
"C:\DFIR_Lab\Evidence\DFIR-Suspects-PC_MASTER\DFIR-Suspects-PC-000001-s010.vmdk","6C5F2DAE081EA33E969A3E10384E2BF8B4DCCA3492FC84469DE39722F2464C4D"
"C:\DFIR_Lab\Evidence\DFIR-Suspects-PC_MASTER\DFIR-Suspects-PC-000001-s011.vmdk","6C5F2DAE081EA33E969A3E10384E2BF8B4DCCA3492FC84469DE39722F2464C4D"
"C:\DFIR_Lab\Evidence\DFIR-Suspects-PC_MASTER\DFIR-Suspects-PC-000001-s012.vmdk","6C5F2DAE081EA33E969A3E10384E2BF8B4DCCA3492FC84469DE39722F2464C4D"
"C:\DFIR_Lab\Evidence\DFIR-Suspects-PC_MASTER\DFIR-Suspects-PC-000001-s013.vmdk","6C5F2DAE081EA33E969A3E10384E2BF8B4DCCA3492FC84469DE39722F2464C4D"
"C:\DFIR_Lab\Evidence\DFIR-Suspects-PC_MASTER\DFIR-Suspects-PC-000001-s014.vmdk","6C5F2DAE081EA33E969A3E10384E2BF8B4DCCA3492FC84469DE39722F2464C4D"
"C:\DFIR_Lab\Evidence\DFIR-Suspects-PC_MASTER\DFIR-Suspects-PC-000001-s015.vmdk","6C5F2DAE081EA33E969A3E10384E2BF8B4DCCA3492FC84469DE39722F2464C4D"
"C:\DFIR_Lab\Evidence\DFIR-Suspects-PC_MASTER\DFIR-Suspects-PC-000001-s016.vmdk","6C5F2DAE081EA33E969A3E10384E2BF8B4DCCA3492FC84469DE39722F2464C4D"
"C:\DFIR_Lab\Evidence\DFIR-Suspects-PC_MASTER\DFIR-Suspects-PC-000001-s017.vmdk","3B3EC4D5E9262924A05105C7FE152602C4E4ED4B92D4D9B45F47F635F798D3BF"
"C:\DFIR_Lab\Evidence\DFIR-Suspects-PC_MASTER\DFIR-Suspects-PC-000001.vmdk","D0DCD52A7666239F1C10E46AF46C94EA0CE04939CD08A20D960B095F92AC9E94"
"C:\DFIR_Lab\Evidence\DFIR-Suspects-PC_MASTER\DFIR-Suspects-PC-000002-s001.vmdk","5BB682AE197ADFA664FB16EAEBB0F4AFFDD717143EC7C2B2124C71CF9A6B3266"
"C:\DFIR_Lab\Evidence\DFIR-Suspects-PC_MASTER\DFIR-Suspects-PC-000002-s002.vmdk","2A3262626B2F21A98FFD0E37A5D7D48A3568EC8111A961F68F743B63FB96CBE0"
"C:\DFIR_Lab\Evidence\DFIR-Suspects-PC_MASTER\DFIR-Suspects-PC-000002-s003.vmdk","FA7A73581DA72F1E10244E6C36CD7D443378FAB1F7A2521488B18177D8D3F30F"
"C:\DFIR_Lab\Evidence\DFIR-Suspects-PC_MASTER\DFIR-Suspects-PC-000002-s004.vmdk","64640232B9BF2104A07B8DF6A6950BB8DED59E5180C71A81EAF6F8C45822229B"
"C:\DFIR_Lab\Evidence\DFIR-Suspects-PC_MASTER\DFIR-Suspects-PC-000002-s005.vmdk","9E43645E3C826FD3230D097DBF66D36754BB4436EF8A716D453F5D94F82C6134"
"C:\DFIR_Lab\Evidence\DFIR-Suspects-PC_MASTER\DFIR-Suspects-PC-000002-s006.vmdk","F293B943FEE2B2AE6BAFAD0CED71ACDFBE9D0E3D4EA41D0A2FA850FE4E05F371"
"C:\DFIR_Lab\Evidence\DFIR-Suspects-PC_MASTER\DFIR-Suspects-PC-000002-s007.vmdk","B3E7771B2B7BFBC310422C17556801725C9FE408D767EE3B542ED59038F167DF"
"C:\DFIR_Lab\Evidence\DFIR-Suspects-PC_MASTER\DFIR-Suspects-PC-000002-s008.vmdk","6C5F2DAE081EA33E969A3E10384E2BF8B4DCCA3492FC84469DE39722F2464C4D"
"C:\DFIR_Lab\Evidence\DFIR-Suspects-PC_MASTER\DFIR-Suspects-PC-000002-s009.vmdk","6C5F2DAE081EA33E969A3E10384E2BF8B4DCCA3492FC84469DE39722F2464C4D"
"C:\DFIR_Lab\Evidence\DFIR-Suspects-PC_MASTER\DFIR-Suspects-PC-000002-s010.vmdk","6C5F2DAE081EA33E969A3E10384E2BF8B4DCCA3492FC84469DE39722F2464C4D"
"C:\DFIR_Lab\Evidence\DFIR-Suspects-PC_MASTER\DFIR-Suspects-PC-000002-s011.vmdk","6C5F2DAE081EA33E969A3E10384E2BF8B4DCCA3492FC84469DE39722F2464C4D"
"C:\DFIR_Lab\Evidence\DFIR-Suspects-PC_MASTER\DFIR-Suspects-PC-000002-s012.vmdk","6C5F2DAE081EA33E969A3E10384E2BF8B4DCCA3492FC84469DE39722F2464C4D"
"C:\DFIR_Lab\Evidence\DFIR-Suspects-PC_MASTER\DFIR-Suspects-PC-000002-s013.vmdk","6C5F2DAE081EA33E969A3E10384E2BF8B4DCCA3492FC84469DE39722F2464C4D"
"C:\DFIR_Lab\Evidence\DFIR-Suspects-PC_MASTER\DFIR-Suspects-PC-000002-s014.vmdk","6C5F2DAE081EA33E969A3E10384E2BF8B4DCCA3492FC84469DE39722F2464C4D"
"C:\DFIR_Lab\Evidence\DFIR-Suspects-PC_MASTER\DFIR-Suspects-PC-000002-s015.vmdk","6C5F2DAE081EA33E969A3E10384E2BF8B4DCCA3492FC84469DE39722F2464C4D"
"C:\DFIR_Lab\Evidence\DFIR-Suspects-PC_MASTER\DFIR-Suspects-PC-000002-s016.vmdk","6C5F2DAE081EA33E969A3E10384E2BF8B4DCCA3492FC84469DE39722F2464C4D"
"C:\DFIR_Lab\Evidence\DFIR-Suspects-PC_MASTER\DFIR-Suspects-PC-000002-s017.vmdk","3B3EC4D5E9262924A05105C7FE152602C4E4ED4B92D4D9B45F47F635F798D3BF"
"C:\DFIR_Lab\Evidence\DFIR-Suspects-PC_MASTER\DFIR-Suspects-PC-000002.vmdk","4BBA057DB970B32D4F17E4C98C150F74DBD13932AAE4B06AE91FF1DCC2DE20FC"
"C:\DFIR_Lab\Evidence\DFIR-Suspects-PC_MASTER\DFIR-Suspects-PC-000003-s001.vmdk","BFE543AC60572524C05BD382AFC4B63C2B87569113F252FAD9821EE3A17628FF"
"C:\DFIR_Lab\Evidence\DFIR-Suspects-PC_MASTER\DFIR-Suspects-PC-000003-s002.vmdk","916F15F8D9E5B997ADD5F74E02604751B32D3E14A715373434485248F2BCDCE1"
"C:\DFIR_Lab\Evidence\DFIR-Suspects-PC_MASTER\DFIR-Suspects-PC-000003-s003.vmdk","81AB51952A566733E5304FD2C581CF16DCD36F5897EFBDE8EDD7525A435745E3"
"C:\DFIR_Lab\Evidence\DFIR-Suspects-PC_MASTER\DFIR-Suspects-PC-000003-s004.vmdk","D7F4666D82786E2F2DD7D4A963311A125DF78230ACE46B494475E289E461DF1B"
"C:\DFIR_Lab\Evidence\DFIR-Suspects-PC_MASTER\DFIR-Suspects-PC-000003-s005.vmdk","DB81CF1D15D871B9068599B9C8A201FFF29EA87A87E7FEB5F7A1C2FF936E9800"
"C:\DFIR_Lab\Evidence\DFIR-Suspects-PC_MASTER\DFIR-Suspects-PC-000003-s006.vmdk","7C99DA84CF44ADF6411D33B4EDE0B64700C28DE7599B746D528843824941A7C1"
"C:\DFIR_Lab\Evidence\DFIR-Suspects-PC_MASTER\DFIR-Suspects-PC-000003-s007.vmdk","BC5411D1AF6572A972DBD170FA34909C3FC3E62FFB75F93BC5C1F9C4C0A6EA87"
"C:\DFIR_Lab\Evidence\DFIR-Suspects-PC_MASTER\DFIR-Suspects-PC-000003-s008.vmdk","6C5F2DAE081EA33E969A3E10384E2BF8B4DCCA3492FC84469DE39722F2464C4D"
"C:\DFIR_Lab\Evidence\DFIR-Suspects-PC_MASTER\DFIR-Suspects-PC-000003-s009.vmdk","6C5F2DAE081EA33E969A3E10384E2BF8B4DCCA3492FC84469DE39722F2464C4D"
"C:\DFIR_Lab\Evidence\DFIR-Suspects-PC_MASTER\DFIR-Suspects-PC-000003-s010.vmdk","6C5F2DAE081EA33E969A3E10384E2BF8B4DCCA3492FC84469DE39722F2464C4D"
"C:\DFIR_Lab\Evidence\DFIR-Suspects-PC_MASTER\DFIR-Suspects-PC-000003-s011.vmdk","6C5F2DAE081EA33E969A3E10384E2BF8B4DCCA3492FC84469DE39722F2464C4D"
"C:\DFIR_Lab\Evidence\DFIR-Suspects-PC_MASTER\DFIR-Suspects-PC-000003-s012.vmdk","6C5F2DAE081EA33E969A3E10384E2BF8B4DCCA3492FC84469DE39722F2464C4D"
"C:\DFIR_Lab\Evidence\DFIR-Suspects-PC_MASTER\DFIR-Suspects-PC-000003-s013.vmdk","6C5F2DAE081EA33E969A3E10384E2BF8B4DCCA3492FC84469DE39722F2464C4D"
"C:\DFIR_Lab\Evidence\DFIR-Suspects-PC_MASTER\DFIR-Suspects-PC-000003-s014.vmdk","6C5F2DAE081EA33E969A3E10384E2BF8B4DCCA3492FC84469DE39722F2464C4D"
"C:\DFIR_Lab\Evidence\DFIR-Suspects-PC_MASTER\DFIR-Suspects-PC-000003-s015.vmdk","6C5F2DAE081EA33E969A3E10384E2BF8B4DCCA3492FC84469DE39722F2464C4D"
"C:\DFIR_Lab\Evidence\DFIR-Suspects-PC_MASTER\DFIR-Suspects-PC-000003-s016.vmdk","4F3FF1C3E23596956501F4BB7A93056AB8EC0C03423007E374A5CB48A87ACC03"
"C:\DFIR_Lab\Evidence\DFIR-Suspects-PC_MASTER\DFIR-Suspects-PC-000003-s017.vmdk","3B3EC4D5E9262924A05105C7FE152602C4E4ED4B92D4D9B45F47F635F798D3BF"
"C:\DFIR_Lab\Evidence\DFIR-Suspects-PC_MASTER\DFIR-Suspects-PC-000003.vmdk","686E0FC2377152985FCEA1DCA2A63FFDF2F0B20866676E84992B291E0E1C859C"
"C:\DFIR_Lab\Evidence\DFIR-Suspects-PC_MASTER\DFIR-Suspects-PC-s001.vmdk","D0E51C7D08842BCE172D28A9CFCF6A787FC81CAB498838E0B8A715394D013A82"
"C:\DFIR_Lab\Evidence\DFIR-Suspects-PC_MASTER\DFIR-Suspects-PC-s002.vmdk","8C3C6B3F1668D4A0B81D0FDFA25AC04A1A6847B744EC1DDDB547A0656E28A37F"
"C:\DFIR_Lab\Evidence\DFIR-Suspects-PC_MASTER\DFIR-Suspects-PC-s003.vmdk","41A4D9917E017B1C3871232715547C98FB812111C75DA603F789139E0E451B9A"
"C:\DFIR_Lab\Evidence\DFIR-Suspects-PC_MASTER\DFIR-Suspects-PC-s004.vmdk","48954E1AEF3551848B1B22DA10C11F93E872A0C7AC726FE136B8DE1B1C6E677F"
"C:\DFIR_Lab\Evidence\DFIR-Suspects-PC_MASTER\DFIR-Suspects-PC-s005.vmdk","5715CF8134AD70AB71083AB46362408BED7094906BD3B44CF62C92B64546A67A"
"C:\DFIR_Lab\Evidence\DFIR-Suspects-PC_MASTER\DFIR-Suspects-PC-s006.vmdk","11F9BC12CBBE071B1225802B117B33C9C4FCA687DFF228372D19A2B5E7A058AF"
"C:\DFIR_Lab\Evidence\DFIR-Suspects-PC_MASTER\DFIR-Suspects-PC-s007.vmdk","7EB87E6DA69D4E2BC08D14A0A24BFC21FA97AC87B0523F5001845A365763AB03"
"C:\DFIR_Lab\Evidence\DFIR-Suspects-PC_MASTER\DFIR-Suspects-PC-s008.vmdk","6C5F2DAE081EA33E969A3E10384E2BF8B4DCCA3492FC84469DE39722F2464C4D"
"C:\DFIR_Lab\Evidence\DFIR-Suspects-PC_MASTER\DFIR-Suspects-PC-s009.vmdk","6C5F2DAE081EA33E969A3E10384E2BF8B4DCCA3492FC84469DE39722F2464C4D"
"C:\DFIR_Lab\Evidence\DFIR-Suspects-PC_MASTER\DFIR-Suspects-PC-s010.vmdk","6C5F2DAE081EA33E969A3E10384E2BF8B4DCCA3492FC84469DE39722F2464C4D"
"C:\DFIR_Lab\Evidence\DFIR-Suspects-PC_MASTER\DFIR-Suspects-PC-s011.vmdk","6C5F2DAE081EA33E969A3E10384E2BF8B4DCCA3492FC84469DE39722F2464C4D"
"C:\DFIR_Lab\Evidence\DFIR-Suspects-PC_MASTER\DFIR-Suspects-PC-s012.vmdk","6C5F2DAE081EA33E969A3E10384E2BF8B4DCCA3492FC84469DE39722F2464C4D"
"C:\DFIR_Lab\Evidence\DFIR-Suspects-PC_MASTER\DFIR-Suspects-PC-s013.vmdk","6C5F2DAE081EA33E969A3E10384E2BF8B4DCCA3492FC84469DE39722F2464C4D"
"C:\DFIR_Lab\Evidence\DFIR-Suspects-PC_MASTER\DFIR-Suspects-PC-s014.vmdk","6C5F2DAE081EA33E969A3E10384E2BF8B4DCCA3492FC84469DE39722F2464C4D"
"C:\DFIR_Lab\Evidence\DFIR-Suspects-PC_MASTER\DFIR-Suspects-PC-s015.vmdk","6C5F2DAE081EA33E969A3E10384E2BF8B4DCCA3492FC84469DE39722F2464C4D"
"C:\DFIR_Lab\Evidence\DFIR-Suspects-PC_MASTER\DFIR-Suspects-PC-s016.vmdk","BA2E2CF9DD2C1E5DA08076ED67979F3B2B5A6F49A82A1854C37F62FA11ACF4DF"
"C:\DFIR_Lab\Evidence\DFIR-Suspects-PC_MASTER\DFIR-Suspects-PC-s017.vmdk","72F72597BD8B048E15B017640121D501C3A54FD6DF2F7E56C7074282CD492F92"
"C:\DFIR_Lab\Evidence\DFIR-Suspects-PC_MASTER\DFIR-Suspects-PC-Snapshot1.vmem","CF499914378F24DACD8AA8F2F8B2E68DEEA139CD782B055FB88400783854AF94"
"C:\DFIR_Lab\Evidence\DFIR-Suspects-PC_MASTER\DFIR-Suspects-PC-Snapshot1.vmsn","0C22C7FC5E9670E3445CA320666AF250561B068B658315F4786AB493D0DBD679"
"C:\DFIR_Lab\Evidence\DFIR-Suspects-PC_MASTER\DFIR-Suspects-PC-Snapshot2.vmem","3944AD1000F85F9E4A45E3B5DE21D91308DA4F558E5BA463E50CF7E3D0C413F1"
"C:\DFIR_Lab\Evidence\DFIR-Suspects-PC_MASTER\DFIR-Suspects-PC-Snapshot2.vmsn","B9FD9416F9A7638EC11B0D79DC103E9B818E6BDA1464E9303973F25839810371"
"C:\DFIR_Lab\Evidence\DFIR-Suspects-PC_MASTER\DFIR-Suspects-PC-Snapshot3.vmem","074C6029F431BDE7BDFB2A7A34B66059032F1CC0B8ED9AB9109A64BF42059A76"
"C:\DFIR_Lab\Evidence\DFIR-Suspects-PC_MASTER\DFIR-Suspects-PC-Snapshot3.vmsn","2C66BC05AA922ACD6D5FA8C06AAFA3E5069A06A0591047EC06C0C178C192F0ED"
"C:\DFIR_Lab\Evidence\DFIR-Suspects-PC_MASTER\DFIR-Suspects-PC.nvram","2758C7CAA5C61298B64337E15FC2D9124CD4C6D11028597B198C2CCE9F44BEF6"
"C:\DFIR_Lab\Evidence\DFIR-Suspects-PC_MASTER\DFIR-Suspects-PC.scoreboard","5F04A3F5BBA496CE85239D9A3900B76020DA69ADACF9AE3DB33899D2D316EB57"
"C:\DFIR_Lab\Evidence\DFIR-Suspects-PC_MASTER\DFIR-Suspects-PC.vmdk","ABBF0B544BF364D0E6BFAE0FD2DD6F900589EEFE4F815414E72407E163EB16B2"
"C:\DFIR_Lab\Evidence\DFIR-Suspects-PC_MASTER\DFIR-Suspects-PC.vmsd","CF05149536DFDFDCFD58DE1EC280A8EAFF4F248CF97EBB4B585BD23211DF5F73"
"C:\DFIR_Lab\Evidence\DFIR-Suspects-PC_MASTER\DFIR-Suspects-PC.vmx","8C33BCD0CBD109FBA91F85C9DCD4ECB0C48CA5CACDB2B2B96EA39E326F097810"
"C:\DFIR_Lab\Evidence\DFIR-Suspects-PC_MASTER\DFIR-Suspects-PC.vmxf","256B9EA0BC4A0083FF9701128D5BF3FE89893186A571F9059BD8D9715E2BA7F9"
"C:\DFIR_Lab\Evidence\DFIR-Suspects-PC_MASTER\mksSandbox-0.log","4F721E4BD06A1BBE8097F27FAEC8DEC4DF8217C35269621AB02BC9CE3A5CF834"
"C:\DFIR_Lab\Evidence\DFIR-Suspects-PC_MASTER\mksSandbox.log","AAA292DD8D0EBAD3196469B30B3429A77DA7EED2EE698699ECE473A611DA9FE8"
"C:\DFIR_Lab\Evidence\DFIR-Suspects-PC_MASTER\vmware-0.log","AFCAEF2E752CCAB0A8315EF7FD9141FBD37C1726E54D04B53BE6B0843F8A5ECE"
"C:\DFIR_Lab\Evidence\DFIR-Suspects-PC_MASTER\vmware.log","74B70C50C5005F60A17D4AE5ADE1D9B36E7B5D6C2666686B148A17BC19F584B7"
